TIPO_ACTIVIDAD;SECC._TARIFA;EPIGRAFE;DESCRIPCION;NUMERO
EMPRESARIAL;1;011;EXPLOTACION_EXTENSIVA_GANADO_BOVINO;9
EMPRESARIAL;1;012;EXPLOTAC._INTENSI.GANADO_BOVINO_DE_LECHE;3
EMPRESARIAL;1;013;EXPLOT.INTENSIVA_GANADO_BOVINO_DE_CEBO;8
EMPRESARIAL;1;022;EXPLOT.INTENSIV.GANADO_OVINO_DE_CRIA;1
EMPRESARIAL;1;023;EXPLOTAC.INTENSIVA_GANADO_OVINO_DE_CEBO;2
EMPRESARIAL;1;0412;PONEDORAS_HUEVOS_A_PARTIR_CUATRO_MESES;5
EMPRESARIAL;1;051;CUNICULTURA;1
EMPRESARIAL;1;061;EXPLOT.GANADO_CABALLAR;4
EMPRESARIAL;1;062;APICULTURA;1
EMPRESARIAL;1;069;OTRAS_EXPLOTACIONES_GANADERAS;3
EMPRESARIAL;1;071;EXPLOTACIONES_MIXTAS;31
EMPRESARIAL;1;1111;EXTRACCION_Y_PREPARACION_DE_HULLA;11
LOCAL_AFECTO;1;1111;EXTRACCION_Y_PREPARACION_DE_HULLA;1
EMPRESARIAL;1;1113;PREPARAC._HULLA_FACTORIA_INDEPENDIENTE;1
EMPRESARIAL;1;1121;EXTRACC._Y_PREPARACION_DE_ANTRACITA;1
LOCAL_AFECTO;1;130;REFINO_DE_PETROLEO;1
EMPRESARIAL;1;1511;PRODUCCION_DE_ENERGIA_HIDROELECTRICA;1
EMPRESARIAL;1;1512;PRODUCCION_ENERGIA_TERMOELECTRICA;1
EMPRESARIAL;1;1514;OTRAS_PRODUCCIONES_DE_ENERGIA;54
LOCAL_AFECTO;1;1514;OTRAS_PRODUCCIONES_DE_ENERGIA;3
EMPRESARIAL;1;1515;TTE._Y_DISTRIBUCION_DE_ELECTRICIDAD;1
EMPRESARIAL;1;152;FABRICACION_Y_DISTRIBUCION_DE_GAS;2
LOCAL_AFECTO;1;152;FABRICACION_Y_DISTRIBUCION_DE_GAS;1
EMPRESARIAL;1;153;PRODUCC._Y_DISTRIB._VAPOR_Y_AGUA_CALIENT;1
EMPRESARIAL;1;1611;CAPTACION_TRATAMIENTO_Y_DISTR._DE_AGUA;6
LOCAL_AFECTO;1;1611;CAPTACION_TRATAMIENTO_Y_DISTR._DE_AGUA;2
EMPRESARIAL;1;1612;CAPTACION_DE_AGUA_PARA_SU_SUMINISTRO;2
EMPRESARIAL;1;1613;TRATAMIENTO_DEL_AGUA_PARA_SU_SUMINISTRO;2
EMPRESARIAL;1;1614;DISTRIBUCION_DE_AGUA_EN_NUCLEOS_URBANOS;4
EMPRESARIAL;1;162;FABRICACION_DE_HIELO_PARA_LA_VENTA;2
EMPRESARIAL;1;221;SIDERURGIA_INTEGRAL;9
LOCAL_AFECTO;1;221;SIDERURGIA_INTEGRAL;25
EMPRESARIAL;1;222;SIDERURGIA_NO_INTEGRAL;1
EMPRESARIAL;1;223;FABRICACION_DE_TUBOS_DE_ACERO;1
EMPRESARIAL;1;224;TREFILADO;2
EMPRESARIAL;1;2251;PROD._Y_PRIM._TRANSFORMACION_ALUMINIO;3
EMPRESARIAL;1;2259;PROD._Y_PRIM._TRANSF._OTROS_METALES;2
EMPRESARIAL;1;2313;EXTRACC._ARENAS_Y_GRAVAS_CONSTRUCCION;2
LOCAL_AFECTO;1;2313;EXTRACC._ARENAS_Y_GRAVAS_CONSTRUCCION;1
EMPRESARIAL;1;2391;EXTRACCION_DE_FLUORITA;2
LOCAL_AFECTO;1;2421;FAB._CEMENTOS_ARTIFICIALES;3
EMPRESARIAL;1;2431;FAB._HORMIGONES_PREPARADOS;7
EMPRESARIAL;1;2432;FAB._PTOS._EN_FIBROCEMENTO;1
EMPRESARIAL;1;2433;FAB._OTROS_ARTICULOS_DERIVADOS_CEMENTO;4
EMPRESARIAL;1;2434;FAB._PAVIMENTOS_DERIVADOS_DEL_CEMENTO;1
EMPRESARIAL;1;244;INDUSTRIAS_DE_LA_PIEDRA_NATURAL;12
LOCAL_AFECTO;1;244;INDUSTRIAS_DE_LA_PIEDRA_NATURAL;1
EMPRESARIAL;1;2461;FAB._VIDRIO_PLANO;1
EMPRESARIAL;1;2465;MANIPULADO_DE_VIDRIO;11
LOCAL_AFECTO;1;2465;MANIPULADO_DE_VIDRIO;2
EMPRESARIAL;1;2471;FAB._ARTICULOS_REFRACTARIOS;2
LOCAL_AFECTO;1;2471;FAB._ARTICULOS_REFRACTARIOS;2
EMPRESARIAL;1;2472;FAB._BALDOSAS_PARA_PAVIMENTOS;1
EMPRESARIAL;1;2474;FAB._VAJILLAS_Y_ARTICULOS_PARA_EL_HOGAR;2
LOCAL_AFECTO;1;2474;FAB._VAJILLAS_Y_ARTICULOS_PARA_EL_HOGAR;1
EMPRESARIAL;1;2479;FAB._OTROS_PTOS._CERAMICOS_NCOP;5
LOCAL_AFECTO;1;2479;FAB._OTROS_PTOS._CERAMICOS_NCOP;1
EMPRESARIAL;1;249;IND._OTROS_PTOS._MINERALES_NO_MET.;4
EMPRESARIAL;1;2513;FAB._PTOS._QUIMICOS_INORGANICOS;2
EMPRESARIAL;1;2521;FAB._DE_ABONOS;1
EMPRESARIAL;1;2531;FAB._GASES_COMPRIMIDOS;3
EMPRESARIAL;1;2533;FAB._PINTURAS;1
EMPRESARIAL;1;2539;FAB._OTROS_PTOS._QUIMICOS_USO_INDUSTRIAL;1
EMPRESARIAL;1;2542;FAB._ESPECIALIDADES_FARMACEUTICAS;1
EMPRESARIAL;1;2551;FAB._JABONES_COMUNES;4
EMPRESARIAL;1;2552;FAB._JABONES_TOCADOR_Y_PTOS._PERFUMERIA;1
EMPRESARIAL;1;2559;FAB._OTROS_PTOS._QUIMICOS_DE_CONSUMO;1
EMPRESARIAL;1;3111;FUNDICION_PIEZAS_DE_HIERRO_Y_ACERO;1
EMPRESARIAL;1;3112;FUNDICION_PIEZAS_METALES_NO_FERREOS;3
EMPRESARIAL;1;312;FORJA;20
LOCAL_AFECTO;1;312;FORJA;1
EMPRESARIAL;1;313;TRATAMIENTO_Y_RECUBRIMIENTO_DE_METALES;29
LOCAL_AFECTO;1;313;TRATAMIENTO_Y_RECUBRIMIENTO_DE_METALES;3
EMPRESARIAL;1;3141;FAB._ART._CARPINTERIA_METALICA;87
LOCAL_AFECTO;1;3141;FAB._ART._CARPINTERIA_METALICA;7
EMPRESARIAL;1;3142;FAB._ESTRUCTURAS_METALICAS;44
LOCAL_AFECTO;1;3142;FAB._ESTRUCTURAS_METALICAS;1
EMPRESARIAL;1;315;CONSTRUCC._DEPOSITOS_Y_CALDERERIA;17
LOCAL_AFECTO;1;315;CONSTRUCC._DEPOSITOS_Y_CALDERERIA;2
EMPRESARIAL;1;3161;FAB._HERRAMIENTAS_MANUALES;4
EMPRESARIAL;1;3162;FAB._ARTICULOS_DE_FERRETERIA/CERRAJERIA;15
LOCAL_AFECTO;1;3162;FAB._ARTICULOS_DE_FERRETERIA/CERRAJERIA;1
EMPRESARIAL;1;3163;TORNILLERIA_Y_ART._DERIVADOS_ALAMBRE;10
LOCAL_AFECTO;1;3163;TORNILLERIA_Y_ART._DERIVADOS_ALAMBRE;1
EMPRESARIAL;1;3164;FAB._ART._MENAJE;1
LOCAL_AFECTO;1;3164;FAB._ART._MENAJE;1
EMPRESARIAL;1;3166;FAB._MOBILIARIO_METALICO;8
EMPRESARIAL;1;3167;FAB._RECIPIENTES_Y_ENVASES_METALICOS;8
LOCAL_AFECTO;1;3167;FAB._RECIPIENTES_Y_ENVASES_METALICOS;1
EMPRESARIAL;1;3169;OTROS_ART._ACABADOS_EN_METALES_NCOP;23
LOCAL_AFECTO;1;3169;OTROS_ART._ACABADOS_EN_METALES_NCOP;2
EMPRESARIAL;1;3191;TALLERES_DE_MECANICA_EN_GENERAL;29
EMPRESARIAL;1;3199;TALLERES_MECANICOS_NCOP;16
EMPRESARIAL;1;3211;CONSTRUCC._MAQ._AGRICOLAS;1
EMPRESARIAL;1;3221;CONS._MAQUINAS_PARA_TRABAJAR_METALES;4
EMPRESARIAL;1;3223;FAB.UTILES_PARA_MAQUINAS_HERRAMIENTAS;3
EMPRESARIAL;1;3241;MAQUINAS_IND._ALIMENT.;1
EMPRESARIAL;1;3251;CONST.MAQ._MINERIA_Y_CONSTRUCCION;2
EMPRESARIAL;1;3252;CONST._MAQUINAS_IND._MINERALES_NO_METAL;1
EMPRESARIAL;1;3253;CONST._MAQ._PARA_SIDERURGIA_Y_FUNDICION;2
EMPRESARIAL;1;3254;CONST._MAQ._ELEVACION_Y_MANIPULACION;6
LOCAL_AFECTO;1;3254;CONST._MAQ._ELEVACION_Y_MANIPULACION;1
EMPRESARIAL;1;3294;CONST._MAQ._MANIPULACION_DE_FLUIDOS;4
EMPRESARIAL;1;3299;CONST._OTRAS_MAQ._Y_EQUIPOS_NCOP;10
LOCAL_AFECTO;1;3299;CONST._OTRAS_MAQ._Y_EQUIPOS_NCOP;2
EMPRESARIAL;1;330;CONS.MAQ.DE_OFICINA_Y_ORDENADORES;35
EMPRESARIAL;1;342;FAB.MATERIAL_ELECTRICO_DE_USO_Y_EQUIP.;16
LOCAL_AFECTO;1;342;FAB.MATERIAL_ELECTRICO_DE_USO_Y_EQUIP.;1
EMPRESARIAL;1;344;FAB._CONTADORES_Y_APARATOS_DE_MEDIDA;1
EMPRESARIAL;1;345;FAB._APARATOS_ELECTRODOMESTICOS;4
LOCAL_AFECTO;1;345;FAB._APARATOS_ELECTRODOMESTICOS;1
EMPRESARIAL;1;346;FAB._LAMPARAS_Y_MATERIAL_DE_ALUMBRADO;11
LOCAL_AFECTO;1;346;FAB._LAMPARAS_Y_MATERIAL_DE_ALUMBRADO;1
EMPRESARIAL;1;352;FAB._APARATOS_USO_PROFESIONAL_CIENTIFICO;3
EMPRESARIAL;1;353;FAB.APARAT.SEÑALIZACION;3
EMPRESARIAL;1;3552;EDICION_SOPORTES_AUDIO;14
EMPRESARIAL;1;362;CONSTRUCC._CARROCERIAS;6
EMPRESARIAL;1;363;FAB.EQUIPO;4
LOCAL_AFECTO;1;363;FAB.EQUIPO;1
EMPRESARIAL;1;371;CONSTRUCCION_NAVAL;5
LOCAL_AFECTO;1;371;CONSTRUCCION_NAVAL;1
EMPRESARIAL;1;372;REPARACION_Y_MANTENIMIENTO_DE_BUQUES;10
EMPRESARIAL;1;381;CONST.REPARAC.MANTENIM._FERROCARRILES;4
EMPRESARIAL;1;382;CONSTRUCC.REPARACION;1
EMPRESARIAL;1;383;CONSTR._MOTOS_Y_BICIS;6
EMPRESARIAL;1;391;FAB.INSTRUM._PRECISION;2
EMPRESARIAL;1;3921;FAB._MATERIAL_MEDICO-QUIRURGICO;4
EMPRESARIAL;1;3922;FAB._APARATOS_PROTESIS_Y_ORTOPEDIA;46
EMPRESARIAL;1;4112;FAB._ACEITE_DE_OLIVA;1
EMPRESARIAL;1;4131;SACRIFICIO_Y_DESPIECE_DE_GANADO;1
EMPRESARIAL;1;4132;FAB.PTOS.CARNICOS_DE_TODAS_CLASES;6
EMPRESARIAL;1;4141;PREPARACION_DE_LECHE;2
LOCAL_AFECTO;1;4143;FAB._QUESO_Y_MANTEQUILLA;2
EMPRESARIAL;1;4144;ELABORACION_DE_HELADOS_Y_SIMILARES;5
EMPRESARIAL;1;415;FAB._JUGOS_Y_CONSERVAS_VEGETALES;6
LOCAL_AFECTO;1;415;FAB._JUGOS_Y_CONSERVAS_VEGETALES;3
EMPRESARIAL;1;416;FAB._CONSERVAS_PESCADO;8
EMPRESARIAL;1;4171;FAB._HARINAS_Y_SEMOLAS;4
EMPRESARIAL;1;4181;FAB._PASTAS_ALIMENTICIAS;1
EMPRESARIAL;1;4191;INDUSTRIA_DEL_PAN_Y_BOLLERIA;68
LOCAL_AFECTO;1;4191;INDUSTRIA_DEL_PAN_Y_BOLLERIA;3
EMPRESARIAL;1;4192;INDUST._BOLLERIA_Y_PASTELERIA;20
LOCAL_AFECTO;1;4192;INDUST._BOLLERIA_Y_PASTELERIA;1
EMPRESARIAL;1;4193;INDUST._ELABORACION_MASAS_FRITAS;1
EMPRESARIAL;1;4211;INDUSTRIA_CACAO_Y_CHOCOLATE;7
EMPRESARIAL;1;4212;ELABORACION_PTOS._CONFITERIA;13
LOCAL_AFECTO;1;4212;ELABORACION_PTOS._CONFITERIA;1
EMPRESARIAL;1;4222;HARINAS_PESCADO_Y_OTROS_PTOS._PIENSOS;2
EMPRESARIAL;1;4231;ELAB._CAFE;3
EMPRESARIAL;1;4239;ELAB._OTROS_PTOS._ALIMENTICIOS_NCOP;11
EMPRESARIAL;1;4243;OBTENC._AGUARDIENTES_COMPUESTOS;1
EMPRESARIAL;1;4251;ELABORACION_Y_CRIANZA_DE_VINOS;5
EMPRESARIAL;1;4252;ELABORACION_DE_VINOS_ESPUMOSOS;1
EMPRESARIAL;1;426;SIDRERIAS;28
EMPRESARIAL;1;4282;FAB._AGUAS_GASEOSAS_Y_OTRAS_BEBIDAS_SIN;2
EMPRESARIAL;1;4292;PRIMERA_TRANSFORMACION_TABACO;1
EMPRESARIAL;1;434;INDUSTRIA_DE_LAS_FIBRAS_DURAS_Y_MEZCLAS;1
EMPRESARIAL;1;4351;FAB._GENEROS_DE_PUNTO_EN_PIEZA;1
EMPRESARIAL;1;4354;FAB._PRENDAS_EXTERIORES_DE_PUNTO;1
EMPRESARIAL;1;436;ACABADO_DE_TEXTILES;3
EMPRESARIAL;1;4371;FAB._ALFOMBRAS_Y_TAPICES;2
EMPRESARIAL;1;4391;CORDELERIA;1
EMPRESARIAL;1;4421;FAB.ART._MARROQUINERIA_Y_VIAJE;1
EMPRESARIAL;1;4422;FAB._GUANTES_DE_PIEL;1
EMPRESARIAL;1;4429;FAB._OTROS_ARTICULOS_DE_CUERO_NCOP;3
EMPRESARIAL;1;452;FAB._CALZADO_ARTESANIA_Y_A_MEDIDA;4
EMPRESARIAL;1;453;CONFECC._TODA_CLASE_PRENDAS_VESTIR;38
LOCAL_AFECTO;1;453;CONFECC._TODA_CLASE_PRENDAS_VESTIR;2
EMPRESARIAL;1;454;CONFECC._MEDIDA_PRENDAS_VESTIR;34
EMPRESARIAL;1;4551;CONFECC._ART._TEXTILES_HOGAR/TAPICERIA;22
LOCAL_AFECTO;1;4551;CONFECC._ART._TEXTILES_HOGAR/TAPICERIA;2
EMPRESARIAL;1;4559;CONFECC._OTROS_ART._TEXTILES_NCOP;8
EMPRESARIAL;1;4561;PELETERIA_NATURAL;1
EMPRESARIAL;1;461;ASERRADO_Y_PREP._INDUSTRIAL_DE_LA_MADERA;6
EMPRESARIAL;1;4621;CHAPAS_DE_MADERA;1
EMPRESARIAL;1;4623;TABLEROS_Y_PANELES;1
EMPRESARIAL;1;463;FAB._SERIE_PIEZAS_DE_CARPINTERIA;35
LOCAL_AFECTO;1;463;FAB._SERIE_PIEZAS_DE_CARPINTERIA;3
EMPRESARIAL;1;464;FAB._ENVASES_Y_EMBALAJES_DE_MADERA;2
EMPRESARIAL;1;465;FAB._OBJETOS_DIVERSOS_DE_MADERA;22
LOCAL_AFECTO;1;465;FAB._OBJETOS_DIVERSOS_DE_MADERA;1
EMPRESARIAL;1;4681;FAB._MOBILIARIO_DE_MADERA_PARA_EL_HOGAR;57
LOCAL_AFECTO;1;4681;FAB._MOBILIARIO_DE_MADERA_PARA_EL_HOGAR;1
EMPRESARIAL;1;4682;FAB._MOBILIARIO_MADERA_ESCOLAR_Y_OFICINA;3
EMPRESARIAL;1;4683;FAB._MUEBLES_DIV._MADERA;11
EMPRESARIAL;1;4684;FAB._ATAUDES;1
EMPRESARIAL;1;4685;ACTIV._ANEXAS_IND._MUEBLE;25
EMPRESARIAL;1;471;FAB._PASTA_PAPELERA;1
LOCAL_AFECTO;1;471;FAB._PASTA_PAPELERA;1
EMPRESARIAL;1;4732;FAB._OTROS_ART._Y_ENVASES_PAPEL_Y_CARTON;6
LOCAL_AFECTO;1;4732;FAB._OTROS_ART._Y_ENVASES_PAPEL_Y_CARTON;1
EMPRESARIAL;1;4733;FAB._ART._OFICINA;2
LOCAL_AFECTO;1;4733;FAB._ART._OFICINA;1
EMPRESARIAL;1;4734;FAB._ART._DECORACION_EN_PAPEL_Y_CARTON;1
EMPRESARIAL;1;4739;FAB._OTROS_MANIPULADOS_PAPEL_Y_CARTON;1
LOCAL_AFECTO;1;4739;FAB._OTROS_MANIPULADOS_PAPEL_Y_CARTON;1
EMPRESARIAL;1;474;ARTES_GRAFICAS_(IMPRESION_GRAFICA);84
LOCAL_AFECTO;1;474;ARTES_GRAFICAS_(IMPRESION_GRAFICA);2
EMPRESARIAL;1;475;ACTIVIDADES_ANEXAS_ARTES_GRAFICAS;32
EMPRESARIAL;1;4761;EDICION_DE_LIBROS;51
LOCAL_AFECTO;1;4761;EDICION_DE_LIBROS;2
EMPRESARIAL;1;4762;EDICION_DE_PERIODICOS_Y_REVISTAS;29
LOCAL_AFECTO;1;4762;EDICION_DE_PERIODICOS_Y_REVISTAS;2
EMPRESARIAL;1;4769;OTRAS_EDICIONES_NCOP;17
EMPRESARIAL;1;4812;RECAUCHUTADO_Y_RECONSTRUCCION_CUBIERTAS;3
EMPRESARIAL;1;4819;FAB._OTROS_ART._CAUCHO_NCOP;9
LOCAL_AFECTO;1;4819;FAB._OTROS_ART._CAUCHO_NCOP;1
EMPRESARIAL;1;4821;FAB._PTOS._SEMIELABORADOS_PLASTICO;4
EMPRESARIAL;1;4822;FAB._ART._ACABADOS_MATERIAS_PLASTICAS;14
EMPRESARIAL;1;4911;JOYERIA;35
LOCAL_AFECTO;1;4911;JOYERIA;1
EMPRESARIAL;1;4912;BISUTERIA;5
EMPRESARIAL;1;492;FAB._INSTRUMENTOS_DE_MUSICA;1
EMPRESARIAL;1;493;LABORATORIOS_FOTOGRAFICOS_Y_CINEMAT.;3
EMPRESARIAL;1;4941;FAB._JUEGOS_Y_JUGUETES;1
LOCAL_AFECTO;1;4941;FAB._JUEGOS_Y_JUGUETES;2
EMPRESARIAL;1;4942;FAB._ART._DEPORTE;6
EMPRESARIAL;1;4959;FAB._OTROS_ART._NCOP;12
LOCAL_AFECTO;1;4959;FAB._OTROS_ART._NCOP;1
EMPRESARIAL;1;5011;CONSTRUCCION_COMPLETA;457
LOCAL_AFECTO;1;5011;CONSTRUCCION_COMPLETA;89
EMPRESARIAL;1;5012;CONSTRUCC._COMPLETA_OBRAS_CIVILES;46
LOCAL_AFECTO;1;5012;CONSTRUCC._COMPLETA_OBRAS_CIVILES;14
EMPRESARIAL;1;5013;ALBAÑILERIA_Y_PEQ._TRABAJOS_CONSTRUCCION;612
LOCAL_AFECTO;1;5013;ALBAÑILERIA_Y_PEQ._TRABAJOS_CONSTRUCCION;35
EMPRESARIAL;1;5021;DEMOLICIONES_Y_DERRIBOS_EN_GENERAL;13
EMPRESARIAL;1;5022;CONSOLIDACION_Y_PREPARACION_DE_TERRENOS;30
EMPRESARIAL;1;5023;CONSOLID._Y_PREP._TERRENOS_OBRAS_CIVILES;12
EMPRESARIAL;1;5025;CIMENTACIONES_Y_PAVIMENTAC.OBRAS_CIVILES;2
EMPRESARIAL;1;5026;PERFORACIONES_ALUMBRAMIENTO_DE_AGUAS;1
EMPRESARIAL;1;5031;PREP._MONTAJE_ESTRUCTURAS_Y_CUBIERTAS;11
LOCAL_AFECTO;1;5031;PREP._MONTAJE_ESTRUCTURAS_Y_CUBIERTAS;5
EMPRESARIAL;1;5032;PREP._ESTRUC._CUBIERTAS_EN_OBRAS_CIVILES;3
EMPRESARIAL;1;5033;MONTAJE_ESTRUC._METALICAS_TTE._Y_OBRAS;9
LOCAL_AFECTO;1;5033;MONTAJE_ESTRUC._METALICAS_TTE._Y_OBRAS;3
EMPRESARIAL;1;5034;OBRAS_SIN_MAQUINAS_Y_SIN_MAS_4_OBREROS;5
LOCAL_AFECTO;1;5034;OBRAS_SIN_MAQUINAS_Y_SIN_MAS_4_OBREROS;1
EMPRESARIAL;1;5041;INSTALACIONES_ELECTRICAS_EN_GENERAL;268
LOCAL_AFECTO;1;5041;INSTALACIONES_ELECTRICAS_EN_GENERAL;59
EMPRESARIAL;1;5042;INSTALACIONES_FONTANERIA;171
LOCAL_AFECTO;1;5042;INSTALACIONES_FONTANERIA;30
EMPRESARIAL;1;5043;INSTALACIONES_FRIO_Y_CALOR;80
LOCAL_AFECTO;1;5043;INSTALACIONES_FRIO_Y_CALOR;15
EMPRESARIAL;1;5044;INSTALACIONES_PARARRAYOS;1
EMPRESARIAL;1;5045;INSTALACION_COCINAS;33
LOCAL_AFECTO;1;5045;INSTALACION_COCINAS;1
EMPRESARIAL;1;5046;INSTALACION_APARATOS_ELEVADORES;14
LOCAL_AFECTO;1;5046;INSTALACION_APARATOS_ELEVADORES;3
EMPRESARIAL;1;5047;INSTALACIONES_TELEFONICAS;24
LOCAL_AFECTO;1;5047;INSTALACIONES_TELEFONICAS;8
EMPRESARIAL;1;5048;MONTAJES_METALICOS_E_INSTALAC._INDUSTR.;33
LOCAL_AFECTO;1;5048;MONTAJES_METALICOS_E_INSTALAC._INDUSTR.;8
EMPRESARIAL;1;5051;REVESTIMIENTOS_EXTERIORES_E_INTERIORES;56
LOCAL_AFECTO;1;5051;REVESTIMIENTOS_EXTERIORES_E_INTERIORES;3
EMPRESARIAL;1;5052;SOLADOS_Y_PAVIMENTOS;25
LOCAL_AFECTO;1;5052;SOLADOS_Y_PAVIMENTOS;1
EMPRESARIAL;1;5053;SOLADOS_Y_PAVIMENTOS_DE_MADERA;53
LOCAL_AFECTO;1;5053;SOLADOS_Y_PAVIMENTOS_DE_MADERA;5
EMPRESARIAL;1;5054;COLOCACION_DE_AISLAMIENTOS_EN_EDIFICIOS;45
LOCAL_AFECTO;1;5054;COLOCACION_DE_AISLAMIENTOS_EN_EDIFICIOS;6
EMPRESARIAL;1;5055;CARPINTERIA_Y_CERRAJERIA;181
LOCAL_AFECTO;1;5055;CARPINTERIA_Y_CERRAJERIA;24
EMPRESARIAL;1;5056;PINTURA;188
LOCAL_AFECTO;1;5056;PINTURA;16
EMPRESARIAL;1;5057;TRABAJOS_EN_YESO_ESCAYOLA_Y_DECORACION;44
LOCAL_AFECTO;1;5057;TRABAJOS_EN_YESO_ESCAYOLA_Y_DECORACION;3
EMPRESARIAL;1;5060;INSTALACION_DE_ANDAMIOS;14
LOCAL_AFECTO;1;5060;INSTALACION_DE_ANDAMIOS;2
EMPRESARIAL;1;507;CONSTRUCCION_DE_TODA_CLASE_DE_OBRAS;39
LOCAL_AFECTO;1;507;CONSTRUCCION_DE_TODA_CLASE_DE_OBRAS;5
EMPRESARIAL;1;508;AGRUPACIONES_Y_UNIONES_TEMPOR._EMPRESAS;71
EMPRESARIAL;1;611;COM._MAY._TODA_CLASE_DE_MERCANCIAS;22
EMPRESARIAL;1;6121;COM.MAY.PTOS.ALIMENTIC.BEBIDAS_Y_TABACOS;62
LOCAL_AFECTO;1;6121;COM.MAY.PTOS.ALIMENTIC.BEBIDAS_Y_TABACOS;2
EMPRESARIAL;1;6122;COM.MAY.CEREALES;28
EMPRESARIAL;1;6123;COM.MAY.FRUTAS_Y_VERDURAS;13
EMPRESARIAL;1;6124;COM.MAY._CARNES;15
EMPRESARIAL;1;6125;COM.MAY.LECHE;8
EMPRESARIAL;1;6126;COM.MAY.BEBIDAS_Y_TABACO;27
LOCAL_AFECTO;1;6126;COM.MAY.BEBIDAS_Y_TABACO;1
EMPRESARIAL;1;6127;COM.MAY._VINOS_Y_VINAGRES_DEL_PAIS;15
EMPRESARIAL;1;6128;COM.MAY._PESCADOS;39
LOCAL_AFECTO;1;6128;COM.MAY._PESCADOS;1
EMPRESARIAL;1;6129;COM.MAY.OTROS_PTOS._ALIMENT.;68
EMPRESARIAL;1;6131;COM.MAY.PTOS.TEXTILES;18
LOCAL_AFECTO;1;6131;COM.MAY.PTOS.TEXTILES;1
EMPRESARIAL;1;6132;COM.MAY.TEJIDOS_POR_METROS;10
EMPRESARIAL;1;6133;COM.MAY._PRENDAS_EXTERIORES_VESTIR;19
EMPRESARIAL;1;6134;COM.MAY.CALZADO;11
EMPRESARIAL;1;6135;COM.MAY.CAMISERIA;8
EMPRESARIAL;1;6139;COM.MAY.ACCESORIOS_VESTIDO_NCOP;8
EMPRESARIAL;1;6141;COM.MAY.PTOS.FARMACEUTICOS_Y_MEDICAMENTO;8
LOCAL_AFECTO;1;6141;COM.MAY.PTOS.FARMACEUTICOS_Y_MEDICAMENTO;1
EMPRESARIAL;1;6142;COM.MAY.PTOS.PERFUMERIA;81
LOCAL_AFECTO;1;6142;COM.MAY.PTOS.PERFUMERIA;2
EMPRESARIAL;1;6143;COM.MAY.PTOS.MANTENIMIENTO_HOGAR;15
LOCAL_AFECTO;1;6143;COM.MAY.PTOS.MANTENIMIENTO_HOGAR;1
EMPRESARIAL;1;6151;COM.MAY.VEHICULOS_Y_SUS_ACCESORIOS;59
EMPRESARIAL;1;6152;COM.MAY._DE_MUEBLES;40
LOCAL_AFECTO;1;6152;COM.MAY._DE_MUEBLES;2
EMPRESARIAL;1;6153;COM._MAY._APARATOS_ELECTRODOMESTICOS;44
LOCAL_AFECTO;1;6153;COM._MAY._APARATOS_ELECTRODOMESTICOS;2
EMPRESARIAL;1;6154;COM.MAY.APAR.Y_MAT._ELECTRONICO;65
LOCAL_AFECTO;1;6154;COM.MAY.APAR.Y_MAT._ELECTRONICO;1
EMPRESARIAL;1;6156;GALERIAS_DE_ARTE;19
EMPRESARIAL;1;6159;COM.MAY.OTROS_ART._CONSUMO_DURADERO_NCOP;13
EMPRESARIAL;1;6161;COM.MAY._CARBON;4
EMPRESARIAL;1;6162;COM.MAY._HIERRO_Y_ACERO;24
EMPRESARIAL;1;6163;COM.MAY._MINERALES;2
EMPRESARIAL;1;6164;COM.MAY._METALES_NO_FERREOS;13
EMPRESARIAL;1;6165;COM.MAY._PETROLEO_Y_LUBRICANTES;16
EMPRESARIAL;1;6166;COM.MAY.PTOS._QUIMICOS_INDUSTRIALES;16
EMPRESARIAL;1;6169;COM.MAY.PTOS.INTERINDUSTRIALES_Y_QUIMIC.;4
EMPRESARIAL;1;6171;COM.MAY.FIBRAS_TEXTILES_BRUTAS;1
EMPRESARIAL;1;6172;COM.MAY._CUEROS_Y_PIELES_EN_BRUTO;1
EMPRESARIAL;1;6173;COM.MAY._MADERA_Y_CORCHO;31
EMPRESARIAL;1;6174;COM.MAY._MATERIALES_CONSTRUCCION;76
LOCAL_AFECTO;1;6174;COM.MAY._MATERIALES_CONSTRUCCION;2
EMPRESARIAL;1;6175;COM.MAY._MAQUINARIA_PARA_MADERA_Y_METAL;32
EMPRESARIAL;1;6176;COM.MAY._MAQUINARIA_AGRICOLA;5
EMPRESARIAL;1;6177;COM.MAY._MAQUINARIA_TEXTIL;2
LOCAL_AFECTO;1;6177;COM.MAY._MAQUINARIA_TEXTIL;1
EMPRESARIAL;1;6178;COM.MAY._MAQUINAS_Y_MATERIAL_OFICINA;43
LOCAL_AFECTO;1;6178;COM.MAY._MAQUINAS_Y_MATERIAL_OFICINA;2
EMPRESARIAL;1;6179;COM.MAY.INTERINDUSTRIAL_EXCEP._QUIMICA;112
LOCAL_AFECTO;1;6179;COM.MAY.INTERINDUSTRIAL_EXCEP._QUIMICA;9
EMPRESARIAL;1;6181;EXPORTACION_TODA_CLASE_MERCANCIAS;7
LOCAL_AFECTO;1;6181;EXPORTACION_TODA_CLASE_MERCANCIAS;1
EMPRESARIAL;1;6191;COM.MAY._JUGUETES_Y_ARTICULOS_DEPORTE;23
LOCAL_AFECTO;1;6191;COM.MAY._JUGUETES_Y_ARTICULOS_DEPORTE;1
EMPRESARIAL;1;6192;COM.MAY._INSTRUM._MEDICOS_Y_ORTOPEDICOS;34
LOCAL_AFECTO;1;6192;COM.MAY._INSTRUM._MEDICOS_Y_ORTOPEDICOS;4
EMPRESARIAL;1;6193;COM.MAY._METALES_PRECIOSOS;27
LOCAL_AFECTO;1;6193;COM.MAY._METALES_PRECIOSOS;2
EMPRESARIAL;1;6194;COM.MAY.PTOS._DE_PAPEL_Y_CARTON;11
EMPRESARIAL;1;6195;COM.MAY.ART.PAPELERIA_Y_ESCRITORIO;19
EMPRESARIAL;1;6196;COM.MAY._LIBROS;9
EMPRESARIAL;1;6197;COM.MAY.INSTRUM.PRECISION_Y_MEDIDA;2
EMPRESARIAL;1;6198;COMPRA-VENTA_DE_GANADO;12
EMPRESARIAL;1;6199;COM.MAY.OTROS_PRODUCTOS_NCOP;26
LOCAL_AFECTO;1;6199;COM.MAY.OTROS_PRODUCTOS_NCOP;1
EMPRESARIAL;1;621;COM.MAY.CHATARRA_Y_METALES_DESECHO;40
LOCAL_AFECTO;1;621;COM.MAY.CHATARRA_Y_METALES_DESECHO;4
EMPRESARIAL;1;622;COM.MAY.OTROS_PTOS._RECUPERACION;7
EMPRESARIAL;1;623;RECUPERACION_Y_COM._RESIDUOS_SIN_ESTABL.;6
EMPRESARIAL;1;631;INTERMEDIARIOS_DEL_COMERCIO;194
LOCAL_AFECTO;1;631;INTERMEDIARIOS_DEL_COMERCIO;7
EMPRESARIAL;1;641;COM.MEN.FRUTAS;67
LOCAL_AFECTO;1;641;COM.MEN.FRUTAS;1
EMPRESARIAL;1;6421;COM.MEN.CARNES;12
EMPRESARIAL;1;6422;COM.MEN.CARNICERIAS-CHARCUTERIAS;64
EMPRESARIAL;1;6423;COM.MEN.CARNICERIAS-SALCHICHERIAS;55
EMPRESARIAL;1;6424;COM.MEN.CARNICERIAS;43
EMPRESARIAL;1;6425;COM.MEN.HUEVOS;2
EMPRESARIAL;1;6431;COM.MEN.PESCADOS;111
LOCAL_AFECTO;1;6431;COM.MEN.PESCADOS;2
EMPRESARIAL;1;6441;COM.MEN.PAN;138
EMPRESARIAL;1;6442;DESPACHOS_PAN;40
EMPRESARIAL;1;6443;COM.MEN.PTOS.PASTELERIA;38
LOCAL_AFECTO;1;6443;COM.MEN.PTOS.PASTELERIA;1
EMPRESARIAL;1;6444;COM.MEN.HELADOS;4
EMPRESARIAL;1;6445;COM.MEN.BOMBONES_Y_CARAMELOS;10
EMPRESARIAL;1;6446;COM.MEN.MASAS_FRITAS;48
EMPRESARIAL;1;645;COM.MEN.VINOS_Y_BEBIDAS;6
LOCAL_AFECTO;1;645;COM.MEN.VINOS_Y_BEBIDAS;1
EMPRESARIAL;1;6461;COM.MEN.TABACOS_EN_EXPENDIDURIA;76
LOCAL_AFECTO;1;6461;COM.MEN.TABACOS_EN_EXPENDIDURIA;1
EMPRESARIAL;1;6464;COM.MEN.TABACO_CON_VENTA_POR_RECARGO;192
EMPRESARIAL;1;6465;COM.MEN.TABACO_MAQUINAS_AUTOMATICAS;552
EMPRESARIAL;1;6466;COM.MEN.TABACOS_VENTA_NO_ESTANCADA;1
EMPRESARIAL;1;6468;COM.MEN._ARTICULOS_PARA_FUMADORES;5
EMPRESARIAL;1;6471;COM.MEN.PTOS.ALIMENTICIOS_Y_BEBIDAS;357
LOCAL_AFECTO;1;6471;COM.MEN.PTOS.ALIMENTICIOS_Y_BEBIDAS;3
EMPRESARIAL;1;6472;COM.MEN.PTOS.ALIMENTICIOS_MENOS_120_M2;39
EMPRESARIAL;1;6473;COM.MEN.PTOS.ALIMENTICIOS_120_-_399_M2;22
EMPRESARIAL;1;6474;COM.MEN.PTOS.ALIMENTICIOS_SUP.400_M2;76
EMPRESARIAL;1;6475;PTOS.ALIMENTICIOS_Y_BEB._MAQUINAS;61
LOCAL_AFECTO;1;6475;PTOS.ALIMENTICIOS_Y_BEB._MAQUINAS;1
EMPRESARIAL;1;6511;COM.MEN.PTOS.TEXTILES_PARA_EL_HOGAR;108
LOCAL_AFECTO;1;6511;COM.MEN.PTOS.TEXTILES_PARA_EL_HOGAR;4
EMPRESARIAL;1;6512;COM.MEN.PRENDAS_DE_VESTIR_Y_TOCADO;611
LOCAL_AFECTO;1;6512;COM.MEN.PRENDAS_DE_VESTIR_Y_TOCADO;22
EMPRESARIAL;1;6513;COM.MEN.LENCERIA_Y_CORSETERIA;54
EMPRESARIAL;1;6514;COM.MEN.MERCERIA_Y_PAQUETERIA;108
LOCAL_AFECTO;1;6514;COM.MEN.MERCERIA_Y_PAQUETERIA;3
EMPRESARIAL;1;6515;COM.MEN.PRENDAS_ESPECIALES;17
EMPRESARIAL;1;6516;COM.MEN.CALZADO_Y_COMPLEMENTOS_PIEL;194
LOCAL_AFECTO;1;6516;COM.MEN.CALZADO_Y_COMPLEMENTOS_PIEL;12
EMPRESARIAL;1;6517;COM.MEN.CONFECCIONES_DE_PELETERIA;7
LOCAL_AFECTO;1;6517;COM.MEN.CONFECCIONES_DE_PELETERIA;2
EMPRESARIAL;1;6521;FARMACIAS;132
LOCAL_AFECTO;1;6521;FARMACIAS;3
EMPRESARIAL;1;6522;COM.MEN.PTOS.DROGUERIA;105
LOCAL_AFECTO;1;6522;COM.MEN.PTOS.DROGUERIA;2
EMPRESARIAL;1;6523;COM.MEN.PTOS.PERFUMERIA_Y_COSMETICA;110
EMPRESARIAL;1;6524;COM.MEN.PLANTAS_Y_HIERBAS;87
LOCAL_AFECTO;1;6524;COM.MEN.PLANTAS_Y_HIERBAS;1
EMPRESARIAL;1;6531;COM.MEN.MUEBLES_(EXCEPTO_OFICINA);190
LOCAL_AFECTO;1;6531;COM.MEN.MUEBLES_(EXCEPTO_OFICINA);16
EMPRESARIAL;1;6532;COM.MEN.APARATOS_DE_USO_DOMESTICO;288
LOCAL_AFECTO;1;6532;COM.MEN.APARATOS_DE_USO_DOMESTICO;13
EMPRESARIAL;1;6533;COM.MEN.ART.MENAJE;273
LOCAL_AFECTO;1;6533;COM.MEN.ART.MENAJE;14
EMPRESARIAL;1;6534;COM.MEN.MATERIALES_DE_CONSTRUCCION;100
LOCAL_AFECTO;1;6534;COM.MEN.MATERIALES_DE_CONSTRUCCION;8
EMPRESARIAL;1;6535;COM.MEN.PUERTAS;68
LOCAL_AFECTO;1;6535;COM.MEN.PUERTAS;3
EMPRESARIAL;1;6536;COM._MEN._ARTICULOS_DE_'BRICOLAGE';9
EMPRESARIAL;1;6539;COM.MEN.ART.HOGAR_NCOP;39
LOCAL_AFECTO;1;6539;COM.MEN.ART.HOGAR_NCOP;5
EMPRESARIAL;1;6541;COM.MEN.VEHICULOS_TERRESTRES;116
LOCAL_AFECTO;1;6541;COM.MEN.VEHICULOS_TERRESTRES;6
EMPRESARIAL;1;6542;COM.MEN.ACCESORIOS_Y_RECAMBIOS_VEHICULOS;34
LOCAL_AFECTO;1;6542;COM.MEN.ACCESORIOS_Y_RECAMBIOS_VEHICULOS;2
EMPRESARIAL;1;6544;COM.MEN.VEHICULOS_FLUVIALES_Y_MARITIMOS;4
EMPRESARIAL;1;6545;COM.MEN.DE_TODA_CLASE_DE_MAQUINARIA;63
LOCAL_AFECTO;1;6545;COM.MEN.DE_TODA_CLASE_DE_MAQUINARIA;2
EMPRESARIAL;1;6546;COM.MEN.CUBIERTAS;23
LOCAL_AFECTO;1;6546;COM.MEN.CUBIERTAS;1
EMPRESARIAL;1;6551;COM.MEN.COMBUSTIBLES_TODAS_CLASES;6
EMPRESARIAL;1;6552;COM.MEN.GASES_COMBUSTIBLES;7
LOCAL_AFECTO;1;6552;COM.MEN.GASES_COMBUSTIBLES;1
EMPRESARIAL;1;6553;COM.MEN.CARBURANTES_Y_ACEITES_VEHICULOS;42
EMPRESARIAL;1;656;COM._MEN._DE_BIENES_USADOS;22
LOCAL_AFECTO;1;656;COM._MEN._DE_BIENES_USADOS;1
EMPRESARIAL;1;657;COM.MEN._INSTRUMENTOS_MUSICA_Y_ACCESORIO;10
EMPRESARIAL;1;6591;COM.MEN.SELLOS;17
EMPRESARIAL;1;6592;COM.MEN.MUEBLES_Y_MAQUINAS_DE_OFICINA;182
LOCAL_AFECTO;1;6592;COM.MEN.MUEBLES_Y_MAQUINAS_DE_OFICINA;5
EMPRESARIAL;1;6593;COM.MEN.APARATOS_MEDICOS;121
LOCAL_AFECTO;1;6593;COM.MEN.APARATOS_MEDICOS;2
EMPRESARIAL;1;6594;COM.MEN.LIBROS;332
LOCAL_AFECTO;1;6594;COM.MEN.LIBROS;7
EMPRESARIAL;1;6595;COM.MEN.ART.JOYERIA;134
LOCAL_AFECTO;1;6595;COM.MEN.ART.JOYERIA;4
EMPRESARIAL;1;6596;COM.MEN.JUGUETES;129
LOCAL_AFECTO;1;6596;COM.MEN.JUGUETES;5
EMPRESARIAL;1;6597;COM.MEN.SEMILLAS;134
LOCAL_AFECTO;1;6597;COM.MEN.SEMILLAS;2
EMPRESARIAL;1;6598;COM.MEN.SEX-SHOP;7
LOCAL_AFECTO;1;6598;COM.MEN.SEX-SHOP;2
EMPRESARIAL;1;6599;COM.MEN.OTROS_PTOS._NCOP;37
LOCAL_AFECTO;1;6599;COM.MEN.OTROS_PTOS._NCOP;1
EMPRESARIAL;1;6611;COM.MEN.GRANDES_ALMACENES;2
EMPRESARIAL;1;6612;COM.MEN.EN_HIPERMERCADOS;6
EMPRESARIAL;1;6613;COM.MEN.ALMACENES_POPULARES;15
EMPRESARIAL;1;6622;COM.MEN.TODA_CLASE_ART._EN_OTROS_LOCALES;128
LOCAL_AFECTO;1;6622;COM.MEN.TODA_CLASE_ART._EN_OTROS_LOCALES;8
EMPRESARIAL;1;6631;COM.MEN.PTOS.ALIMENTICIOS_SIN_ESTABLEC.;48
EMPRESARIAL;1;6632;COM.MEN.TEXTILES_Y_CONFECC.SIN_ESTABLEC.;19
LOCAL_AFECTO;1;6632;COM.MEN.TEXTILES_Y_CONFECC.SIN_ESTABLEC.;1
EMPRESARIAL;1;6633;COM.MEN.CALZADO_SIN_ESTABLECIMIENTO;8
EMPRESARIAL;1;6634;COM.MEN.DROGUERIA_SIN_ESTABLECIMIENTO;11
EMPRESARIAL;1;6639;COM.MEN.OTRAS_MERCANCIAS_SIN_ESTABLECIM.;70
LOCAL_AFECTO;1;6639;COM.MEN.OTRAS_MERCANCIAS_SIN_ESTABLECIM.;2
EMPRESARIAL;1;6641;VENTA_ARTICULOS_DIVERSOS_EN_EXPOSITORES;3
EMPRESARIAL;1;6649;COM.MEN.ART.DIVERSOS_EN_MAQUINAS;4
EMPRESARIAL;1;665;COM.MEN.POR_CORREO_O_CATALOGO;7
LOCAL_AFECTO;1;665;COM.MEN.POR_CORREO_O_CATALOGO;1
EMPRESARIAL;1;6712;RESTAURANTES_CUATRO_TENEDORES;3
EMPRESARIAL;1;6713;RESTAURANTES_DE_TRES_TENEDORES;4
EMPRESARIAL;1;6714;RESTAURANTES_DE_DOS_TENEDORES;129
LOCAL_AFECTO;1;6714;RESTAURANTES_DE_DOS_TENEDORES;1
EMPRESARIAL;1;6715;RESTAURANTES_DE_UN_TENEDOR;245
LOCAL_AFECTO;1;6715;RESTAURANTES_DE_UN_TENEDOR;7
EMPRESARIAL;1;6721;CAFETERIAS_TRES_TAZAS;9
EMPRESARIAL;1;6722;CAFETERIAS_DOS_TAZAS;52
LOCAL_AFECTO;1;6722;CAFETERIAS_DOS_TAZAS;1
EMPRESARIAL;1;6723;CAFETERIAS_DE_UNA_TAZA;128
LOCAL_AFECTO;1;6723;CAFETERIAS_DE_UNA_TAZA;2
EMPRESARIAL;1;6731;BARES_CATEGORIA_ESPECIAL;106
LOCAL_AFECTO;1;6731;BARES_CATEGORIA_ESPECIAL;4
EMPRESARIAL;1;6732;OTROS_CAFES_Y_BARES;1660
LOCAL_AFECTO;1;6732;OTROS_CAFES_Y_BARES;14
EMPRESARIAL;1;6741;CAFE-BAR_EN_VEHICULO;1
EMPRESARIAL;1;6745;CAFE-BAR_SOCIEDADES;13
LOCAL_AFECTO;1;6745;CAFE-BAR_SOCIEDADES;1
EMPRESARIAL;1;6746;CAFE-BAR_TEATROS_Y_CINES;6
EMPRESARIAL;1;6747;SERVICIOS_EN_PARQUES_O_RECINTOS_FERIALES;2
EMPRESARIAL;1;675;CAFES-BARES_EN_QUIOSCOS;7
EMPRESARIAL;1;676;CHOCOLATERIAS;1
EMPRESARIAL;1;6771;HOSTELERIA_Y_RESTAURACION_SIN_ESTABLEC.;15
EMPRESARIAL;1;6779;OTROS_SERV._ALIMENTACION_-_RESTAURACION;62
EMPRESARIAL;1;681;HOSPEDAJE_EN_HOTELES_Y_MOTELES;52
LOCAL_AFECTO;1;681;HOSPEDAJE_EN_HOTELES_Y_MOTELES;2
EMPRESARIAL;1;682;HOSPEDAJE_EN_HOSTALES_Y_PENSIONES;21
EMPRESARIAL;1;683;HOSPEDAJES_EN_FONDAS_Y_CASAS_HUESPEDES;9
EMPRESARIAL;1;684;HOSPEDAJE_EN_APARTA-HOTELES;2
EMPRESARIAL;1;685;ALOJAMIENTOS_TURISTICOS_EXTRAHOTELEROS;15
EMPRESARIAL;1;686;EXPLOTACION_APARTAMENTOS_PRIVADOS;1
EMPRESARIAL;1;6872;CAMPAMENTOS_DE_PRIMERA_CLASE;1
EMPRESARIAL;1;6911;REPARACION_ART._ELECTRODOMESTICOS;65
EMPRESARIAL;1;6912;REPARACION_AUTOMOVILES_Y_BICICLETAS;302
LOCAL_AFECTO;1;6912;REPARACION_AUTOMOVILES_Y_BICICLETAS;3
EMPRESARIAL;1;6919;REPARACION_OTROS_BIENES_CONSUMO_NCOP;123
LOCAL_AFECTO;1;6919;REPARACION_OTROS_BIENES_CONSUMO_NCOP;1
EMPRESARIAL;1;692;REPARACION_DE_MAQUINARIA_INDUSTRIAL;80
LOCAL_AFECTO;1;692;REPARACION_DE_MAQUINARIA_INDUSTRIAL;4
EMPRESARIAL;1;699;OTRAS_REPARACIONES_NCOP;86
LOCAL_AFECTO;1;699;OTRAS_REPARACIONES_NCOP;4
EMPRESARIAL;1;711;TTE._FERROCARRIL_DE_VIA_NORMAL;2
EMPRESARIAL;1;712;TTE._FERROVIARIO_DE_VIA_ESTRECHA;1
EMPRESARIAL;1;7211;TTE._URBANO_COLECTIVO;4
LOCAL_AFECTO;1;7211;TTE._URBANO_COLECTIVO;1
EMPRESARIAL;1;7212;TTE._POR_AUTOTAXIS;93
EMPRESARIAL;1;7213;TTE._VIAJEROS_POR_CARRETERA;3
EMPRESARIAL;1;722;TTE._MERCANCIAS_POR_CARRETERA;369
LOCAL_AFECTO;1;722;TTE._MERCANCIAS_POR_CARRETERA;23
EMPRESARIAL;1;729;OTROS_TTES._TERRESTRES_NCOP;2
LOCAL_AFECTO;1;7331;TTE._CABOTAJE_Y_VIAS_INTERIOR_VIAJEROS;1
EMPRESARIAL;1;7332;TTE._CABOTAJE_Y_VIAS_INTERIOR_MERCANCIAS;2
EMPRESARIAL;1;7421;TTE._AEREO_NACIONAL_VIAJEROS;1
EMPRESARIAL;1;7511;GUARDIA_Y_CUSTODIA_VEHICULOS_EN_GARAJES;49
EMPRESARIAL;1;7512;GUARDIA_Y_CUSTODIA_VEHICULOS_'PARKING';54
LOCAL_AFECTO;1;7512;GUARDIA_Y_CUSTODIA_VEHICULOS_'PARKING';2
EMPRESARIAL;1;7513;GUARDIA_Y_CUSTODIA_VEHICULOS_EN_SOLARES;7
EMPRESARIAL;1;7515;ENGRASE_Y_LAVADO_DE_VEHICULOS;61
EMPRESARIAL;1;7516;SERVICIOS_DE_CARGA_Y_DESCARGA_MERCANCIAS;4
EMPRESARIAL;1;7521;SERVICIOS_PILOTAJE_Y_PRACTICOS_PUERTOS;3
LOCAL_AFECTO;1;7521;SERVICIOS_PILOTAJE_Y_PRACTICOS_PUERTOS;1
EMPRESARIAL;1;7523;SERVICIOS_DE_REMOLQUE_DE_NAVIOS;2
LOCAL_AFECTO;1;7523;SERVICIOS_DE_REMOLQUE_DE_NAVIOS;1
EMPRESARIAL;1;7525;SERV._SALVAMENTO_Y_RECUPERACION_BARCOS;2
EMPRESARIAL;1;7526;SERVICIOS_CARGA_Y_DESCARGA_DE_BUQUES;12
LOCAL_AFECTO;1;7526;SERVICIOS_CARGA_Y_DESCARGA_DE_BUQUES;5
EMPRESARIAL;1;7527;EXPLOTACION_DE_PUERTOS;2
EMPRESARIAL;1;7534;SERV._REMOLQUE;1
EMPRESARIAL;1;7539;OTROS_SERV._ANEXOS_AL_TTE._AEREO_NCOP;2
EMPRESARIAL;1;7541;DEPOSITOS_Y_ALMACENES_GENERALES;10
LOCAL_AFECTO;1;7541;DEPOSITOS_Y_ALMACENES_GENERALES;1
EMPRESARIAL;1;7544;ALMACENES_FRIGORIFICOS;2
EMPRESARIAL;1;7545;ALMACENES_Y_DEPOSITOS_DE_LIQUIDOS;2
LOCAL_AFECTO;1;7545;ALMACENES_Y_DEPOSITOS_DE_LIQUIDOS;1
EMPRESARIAL;1;7546;GUARDAMUEBLES;4
EMPRESARIAL;1;7549;OTROS_DEPOSITOS_ESPECIALES_NCOP;4
LOCAL_AFECTO;1;7549;OTROS_DEPOSITOS_ESPECIALES_NCOP;2
EMPRESARIAL;1;755;AGENCIAS_DE_VIAJES;117
EMPRESARIAL;1;756;ACTIV._AUXILIARES_Y_COMPLEMENTARIAS_TTE.;131
LOCAL_AFECTO;1;756;ACTIV._AUXILIARES_Y_COMPLEMENTARIAS_TTE.;10
EMPRESARIAL;1;757;SERVICIO_DE_MUDANZAS;2
LOCAL_AFECTO;1;757;SERVICIO_DE_MUDANZAS;1
LOCAL_AFECTO;1;7611;SERVICIO_DE_TELEFONIA_FIJA;1
EMPRESARIAL;1;769;OTROS_SERVICIOS_DE_TELECOMUNICACION;23
LOCAL_AFECTO;1;769;OTROS_SERVICIOS_DE_TELECOMUNICACION;1
EMPRESARIAL;1;811;BANCA;211
LOCAL_AFECTO;1;811;BANCA;7
EMPRESARIAL;1;812;CAJAS_DE_AHORRO;27
LOCAL_AFECTO;1;812;CAJAS_DE_AHORRO;4
EMPRESARIAL;1;8192;ESTABLECIMIENTOS_FINANCIEROS_DE_CREDITO;1
EMPRESARIAL;1;8193;E._F._C._ACT._DE_PRESTAMOS_Y_CREDITO;5
EMPRESARIAL;1;8195;E._F._C._ACT._ARRENDAMIENTO_FINANCIERO;2
EMPRESARIAL;1;8196;ENTIDADES_DE_CAMBIO_DE_MONEDA;3
EMPRESARIAL;1;8199;OTRAS_ENTIDADES_FINANCIERAS_NCOP;14
EMPRESARIAL;1;821;ENTIDADES_ASEGURADORES_DE_VIDA_Y_CAPIT.;15
LOCAL_AFECTO;1;821;ENTIDADES_ASEGURADORES_DE_VIDA_Y_CAPIT.;1
EMPRESARIAL;1;822;ASEGURADORAS_DE_ENFERMEDAD_Y_RIESGOS;25
LOCAL_AFECTO;1;822;ASEGURADORAS_DE_ENFERMEDAD_Y_RIESGOS;1
EMPRESARIAL;1;823;OTRAS_ENTIDADES_ASEGURADORAS;5
EMPRESARIAL;1;8311;SERV.COMPRA-VTA._DE_VALORES_MOBILIARIOS;6
EMPRESARIAL;1;8312;SER._FINANC._CONTRATACION_PRODUCTOS;2
EMPRESARIAL;1;8313;SERV._DE_COMPENSACION_BANCARIA;1
EMPRESARIAL;1;8319;OTROS_SERVICIOS_FINANCIEROS_NCOP;42
EMPRESARIAL;1;8321;AGENCIAS_DE_SEGUROS_Y_CORREDURIAS;84
EMPRESARIAL;1;8322;SERV._TASACION_Y_TARIFICACION_SEGUROS;17
LOCAL_AFECTO;1;8322;SERV._TASACION_Y_TARIFICACION_SEGUROS;1
EMPRESARIAL;1;8329;OTROS_SERV._AUXILIARES_DE_SEGUROS;23
EMPRESARIAL;1;8331;PROMOCION_INMOBILIARIA_DE_TERRENOS;91
LOCAL_AFECTO;1;8331;PROMOCION_INMOBILIARIA_DE_TERRENOS;9
EMPRESARIAL;1;8332;PROMOCION_INMOBILIARIA_DE_EDIFICACIONES;505
LOCAL_AFECTO;1;8332;PROMOCION_INMOBILIARIA_DE_EDIFICACIONES;115
EMPRESARIAL;1;834;SERV._PROPIEDAD_INMOBILIARIA_E_INDUSTRIA;242
LOCAL_AFECTO;1;834;SERV._PROPIEDAD_INMOBILIARIA_E_INDUSTRIA;4
EMPRESARIAL;1;841;SERVICIOS_JURIDICOS;122
LOCAL_AFECTO;1;841;SERVICIOS_JURIDICOS;1
EMPRESARIAL;1;842;SERVICIOS_FINANCIEROS_Y_CONTABLES;249
LOCAL_AFECTO;1;842;SERVICIOS_FINANCIEROS_Y_CONTABLES;2
EMPRESARIAL;1;8431;SERVICIOS_TECNICOS_DE_INGENIERIA;180
LOCAL_AFECTO;1;8431;SERVICIOS_TECNICOS_DE_INGENIERIA;4
EMPRESARIAL;1;8432;SERV._TEC._DE_ARQUITECTURA;70
LOCAL_AFECTO;1;8432;SERV._TEC._DE_ARQUITECTURA;2
EMPRESARIAL;1;8433;SERV._TEC._PROSPECCIONES_Y_GEOLOGIA;3
LOCAL_AFECTO;1;8433;SERV._TEC._PROSPECCIONES_Y_GEOLOGIA;1
EMPRESARIAL;1;8434;SERV._TECNICOS_DE_TOPOGRAFIA;7
LOCAL_AFECTO;1;8434;SERV._TECNICOS_DE_TOPOGRAFIA;1
EMPRESARIAL;1;8435;SERV._TECNICOS_DE_DELINEACION;8
EMPRESARIAL;1;8436;INSPECCION_TECNICA_DE_VEHICULOS;1
EMPRESARIAL;1;8439;OTROS_SERVICIOS_TECNICOS_NCOP;163
LOCAL_AFECTO;1;8439;OTROS_SERVICIOS_TECNICOS_NCOP;8
EMPRESARIAL;1;844;SERVICIOS_PUBLICIDAD;205
LOCAL_AFECTO;1;844;SERVICIOS_PUBLICIDAD;2
EMPRESARIAL;1;845;EXPLOTACION_ELECTRONICA_POR_TERCEROS;179
LOCAL_AFECTO;1;845;EXPLOTACION_ELECTRONICA_POR_TERCEROS;2
EMPRESARIAL;1;846;EMPRESAS_DE_ESTUDIO_DE_MERCADO;31
EMPRESARIAL;1;847;SERVICIOS_INT._DE_CORREOS_Y_TELECOM.;3
EMPRESARIAL;1;8491;COBROS_DE_DEUDAS_Y_CONFECCION_FACTURAS;6
EMPRESARIAL;1;8492;SERV._MECANOGRAFICOS;2
EMPRESARIAL;1;8493;SERV._TRADUCCION_Y_SIMILARES;11
EMPRESARIAL;1;8494;SERV._CUSTODIA;22
LOCAL_AFECTO;1;8494;SERV._CUSTODIA;2
EMPRESARIAL;1;8495;SERVICIOS_MENSAJERIA_RECAD;36
EMPRESARIAL;1;8496;SERV.COLOCACION_Y_SUMINISTRO_DE_PERSONAL;43
LOCAL_AFECTO;1;8496;SERV.COLOCACION_Y_SUMINISTRO_DE_PERSONAL;1
EMPRESARIAL;1;8497;SERV._GESTION_ADMINISTRATIVA;84
LOCAL_AFECTO;1;8497;SERV._GESTION_ADMINISTRATIVA;1
EMPRESARIAL;1;8498;MULTISERVIOS_INTENSIVOS_EN_PERSONAL;5
EMPRESARIAL;1;8499;OTROS_SERVICIOS_INDEPENDIENTES_NCOP;265
LOCAL_AFECTO;1;8499;OTROS_SERVICIOS_INDEPENDIENTES_NCOP;7
EMPRESARIAL;1;851;ALQUILER_MAQUINARIA_Y_EQUIPO_AGRICOLA;4
EMPRESARIAL;1;852;ALQUILER_MAQUINARIA_Y_EQUIP._CONSTRUCC.;66
LOCAL_AFECTO;1;852;ALQUILER_MAQUINARIA_Y_EQUIP._CONSTRUCC.;1
EMPRESARIAL;1;853;ALQUILER_MAQ._Y_EQUIPO_CONTABLE;12
EMPRESARIAL;1;8541;ALQUILER_AUTOMOVILES_SIN_CONDUCTOR;20
LOCAL_AFECTO;1;8541;ALQUILER_AUTOMOVILES_SIN_CONDUCTOR;1
EMPRESARIAL;1;8542;ALQUILER_AUTOMOV._EN_REG._RENTING;3
EMPRESARIAL;1;8542;ALQUILER_AUTOMOV._EN_REG._RENTING;1
EMPRESARIAL;1;8551;ALQUILER_DE_AERONAVES_DE_TODAS_CLASES;1
EMPRESARIAL;1;8552;ALQUILER_DE_EMBARCACIONES;17
EMPRESARIAL;1;8553;ALQUILER_DE_BICICLETAS;2
EMPRESARIAL;1;8559;ALQUILER_OTROS_MEDIOS_TRANSP._N.C.O.P.;9
EMPRESARIAL;1;8561;ALQUILER_DE_BIENES_DE_CONSUMO;22
LOCAL_AFECTO;1;8561;ALQUILER_DE_BIENES_DE_CONSUMO;1
EMPRESARIAL;1;8562;ALQUILER_DE_PELICULAS_DE_VIDEO;40
EMPRESARIAL;1;859;ALQUILER_OTROS_BIENES_MUEBLES_NCOP;67
LOCAL_AFECTO;1;859;ALQUILER_OTROS_BIENES_MUEBLES_NCOP;1
EMPRESARIAL;1;8611;ALQUILER_DE_VIVIENDAS;85
LOCAL_AFECTO;1;8611;ALQUILER_DE_VIVIENDAS;7
EMPRESARIAL;1;8612;ALQUILER_LOCALES_INDUSTRIALES;2690
LOCAL_AFECTO;1;8612;ALQUILER_LOCALES_INDUSTRIALES;24
EMPRESARIAL;1;862;ALQUILER_INMUEBLES_RUSTICOS;14
EMPRESARIAL;1;911;SERVICIOS_AGRICOLAS_Y_GANADEROS;93
LOCAL_AFECTO;1;911;SERVICIOS_AGRICOLAS_Y_GANADEROS;3
EMPRESARIAL;1;912;SERVICIOS_FORESTALES_PESCA_ACUICULTURA;15
EMPRESARIAL;1;9211;SERV._LIMPIEZA_VIARIA_Y_JARDINES;7
EMPRESARIAL;1;9212;SERV._RECOGIDA_DE_BASURAS_Y_DESECHOS;5
LOCAL_AFECTO;1;9212;SERV._RECOGIDA_DE_BASURAS_Y_DESECHOS;1
EMPRESARIAL;1;9213;EXTERMINIO_ANIMALES_DAÑINOS_Y_DESIFECC.;9
EMPRESARIAL;1;9214;SERV.ALCANTARILLADO;1
EMPRESARIAL;1;9215;SERVICIOS_INCINERACION;4
EMPRESARIAL;1;9216;SERV.PROTECCION_Y_ACONDIC._AMBIENTAL;1
EMPRESARIAL;1;9217;SERV._PROTECCION_CONTRA_INCENDIOS;5
EMPRESARIAL;1;9218;SERV._ADMON._CEMENTERIOS;1
EMPRESARIAL;1;9219;OTROS_SERVICIOS_DE_SANEAMIENTO_N.C.O.P.;3
EMPRESARIAL;1;922;SERVICIOS_DE_LIMPIEZA;212
LOCAL_AFECTO;1;922;SERVICIOS_DE_LIMPIEZA;21
EMPRESARIAL;1;9311;GUARDERIA_Y_ENSEÑANZA_INFANTIL;25
EMPRESARIAL;1;9312;ENSEÑANZA_EDUCACION_BASICA;21
EMPRESARIAL;1;9313;ENSEÑANZA_BACHILLERATO;19
EMPRESARIAL;1;9314;ENSEÑANZA_DE_VARIAS_MODALIDADES;25
EMPRESARIAL;1;9315;ENSEÑANZA_DE_EDUCACION_SUPERIOR;8
EMPRESARIAL;1;9321;ENSEÑANZA_FORMACION_PROF._NO_SUPERIOR;135
EMPRESARIAL;1;9322;ENSEÑANZA_FORM._PROFESIONAL_SUPERIOR;28
LOCAL_AFECTO;1;9322;ENSEÑANZA_FORM._PROFESIONAL_SUPERIOR;1
EMPRESARIAL;1;9331;ENSEÑ._CONDUCCION_VEHICULOS;66
EMPRESARIAL;1;9332;PROMOC._CURSOS_Y_ESTUDIOS_EN_EL_EXTRANJ.;2
EMPRESARIAL;1;9339;OTROS_ACTIV._ENSEÑANZA;279
LOCAL_AFECTO;1;9339;OTROS_ACTIV._ENSEÑANZA;3
EMPRESARIAL;1;934;ENSEÑANZA_FUERA_ESTABLECIMIENTO_PERMANEN;40
LOCAL_AFECTO;1;934;ENSEÑANZA_FUERA_ESTABLECIMIENTO_PERMANEN;5
EMPRESARIAL;1;9352;RESIDENCIAS_DE_ESTUDIANTES;1
EMPRESARIAL;1;936;INVESTIGACION_CIENTIFICA_Y_TECNICA;28
EMPRESARIAL;1;9411;HOSPITALES_GENERALES;1
EMPRESARIAL;1;9412;HOSPITALES_ESPECIALIZADOS;5
EMPRESARIAL;1;9421;CONSULTORIOS_MEDICOS;44
EMPRESARIAL;1;9422;BALNEARIOS_Y_BAÑOS;3
EMPRESARIAL;1;9429;OTROS_SERV._SANITARIOS;100
LOCAL_AFECTO;1;9429;OTROS_SERV._SANITARIOS;3
EMPRESARIAL;1;943;CONSULTAS_CLINICAS_ESTOMAT._Y_ODONTOLOG.;87
EMPRESARIAL;1;944;SERV._NATUROPARIA;9
EMPRESARIAL;1;945;CONSULTAS_Y_CLINICAS_VETERINARIAS;18
EMPRESARIAL;1;951;ASISTENCIA_Y_SERV._SOCIALES_DISMINUIDOS;116
LOCAL_AFECTO;1;951;ASISTENCIA_Y_SERV._SOCIALES_DISMINUIDOS;4
EMPRESARIAL;1;952;ASIST._Y_SERV._DISMINUIDOS_NO_RESIDENC.;74
LOCAL_AFECTO;1;952;ASIST._Y_SERV._DISMINUIDOS_NO_RESIDENC.;7
EMPRESARIAL;1;9611;PRODUCCION_PELICULAS_CINEMATOGRAFICAS;44
EMPRESARIAL;1;9621;DISTRIBUCION_Y_VENTA_DE_PELICULAS;4
EMPRESARIAL;1;9622;DISTRIBUCION_Y_VTA_MAY._PELICULAS;1
EMPRESARIAL;1;9631;EXHIBICION_DE_PELICULAS_CINEMATOGRAFICAS;4
EMPRESARIAL;1;9632;EXHIBICION_PELICULAS_AIRE_LIBRE;1
EMPRESARIAL;1;9641;SERVICIOS_DE_RADIODIFUSION;10
LOCAL_AFECTO;1;9641;SERVICIOS_DE_RADIODIFUSION;1
EMPRESARIAL;1;9642;SERVICIOS_DE_TELEVISION;7
LOCAL_AFECTO;1;9642;SERVICIOS_DE_TELEVISION;1
EMPRESARIAL;1;9643;SERV.TRANSMISION_Y_ENLACE_SEÑALES_TV;2
EMPRESARIAL;1;9651;ESPECTACULOS_EN_SALAS_Y_LOCALES;9
EMPRESARIAL;1;9652;ESPECTACULOS_AL_AIRE_LIBRE;4
EMPRESARIAL;1;9653;ESPECTACULOS_FUERA_ESTABLECIMIENTO;7
EMPRESARIAL;1;9654;EMPRESAS_DE_ESPECTACULOS;35
LOCAL_AFECTO;1;9654;EMPRESAS_DE_ESPECTACULOS;3
EMPRESARIAL;1;9661;BIBLIOTECAS_Y_MUSEOS;2
EMPRESARIAL;1;9662;ZOOLOGICOS;1
EMPRESARIAL;1;9669;OTROS_SERVICIOS_CULTURALES_NCOP;39
EMPRESARIAL;1;9671;INSTALACIONES_DEPORTIVAS;25
EMPRESARIAL;1;9672;ESCUELAS_Y_SERV._PERFECC._DEL_DEPORTE;91
EMPRESARIAL;1;9673;ALQUILER_ARTICULOS_DEPORTE_EN_INST._DEP.;2
EMPRESARIAL;1;9681;INSTALAC._CELEB._ESPECTACULOS_DEPORTIVOS;1
EMPRESARIAL;1;9682;ORGANIZACION_ESPECTACULOS_DEPORTIVOS;17
LOCAL_AFECTO;1;9682;ORGANIZACION_ESPECTACULOS_DEPORTIVOS;1
EMPRESARIAL;1;9683;ORGANIZ.ESPECT.DEPORT._FEDERAC._Y_CLUBES;9
EMPRESARIAL;1;9691;SALAS_DE_BAILE_Y_DISCOTECAS;26
EMPRESARIAL;1;9692;CASINOS_DE_JUEGO;1
EMPRESARIAL;1;9693;JUEGOS_DE_BINGO;3
EMPRESARIAL;1;9694;MAQUINAS_RECREATIVAS_Y_DE_AZAR;93
LOCAL_AFECTO;1;9694;MAQUINAS_RECREATIVAS_Y_DE_AZAR;1
EMPRESARIAL;1;9695;JUEGOS_BILLAR;10
EMPRESARIAL;1;9696;SALONES_RECREATIVOS_Y_DE_JUEGO;13
LOCAL_AFECTO;1;9696;SALONES_RECREATIVOS_Y_DE_JUEGO;2
EMPRESARIAL;1;9697;OTRAS_MAQUINAS_AUTOMATICAS;28
LOCAL_AFECTO;1;9697;OTRAS_MAQUINAS_AUTOMATICAS;1
EMPRESARIAL;1;9711;TINTE;49
LOCAL_AFECTO;1;9711;TINTE;2
EMPRESARIAL;1;9712;LIMPIEZA_Y_TEÑIDO_DEL_CALZADO;1
EMPRESARIAL;1;9713;ZURCIDO_Y_REPARACION_DE_ROPAS;69
LOCAL_AFECTO;1;9713;ZURCIDO_Y_REPARACION_DE_ROPAS;1
EMPRESARIAL;1;9721;SERV._PELUQUERIA_SEÑORAS_Y_CABALLEROS;532
LOCAL_AFECTO;1;9721;SERV._PELUQUERIA_SEÑORAS_Y_CABALLEROS;1
EMPRESARIAL;1;9722;SALONES_E_INSTITUTOS_DE_BELLEZA;333
EMPRESARIAL;1;9731;SERVICIOS_FOTOGRAFICOS;100
LOCAL_AFECTO;1;9731;SERVICIOS_FOTOGRAFICOS;3
EMPRESARIAL;1;9732;MAQUINAS_AUTOMAT._FOTOGRAFIAS_Y_FOTOCOP.;1
EMPRESARIAL;1;9733;SERV._COPIAS_DOCUMENTOS_MAQ.FOTOCOPIA;54
EMPRESARIAL;1;974;AGENCIAS_PRESTACION_SERV._DOMESTICOS;3
LOCAL_AFECTO;1;974;AGENCIAS_PRESTACION_SERV._DOMESTICOS;1
EMPRESARIAL;1;975;SERVICIOS_DE_ENMARCACION;15
EMPRESARIAL;1;9791;SERV._POMPAS_FUNEBRES;2
LOCAL_AFECTO;1;9791;SERV._POMPAS_FUNEBRES;3
EMPRESARIAL;1;9793;AGENCIAS_MATRIMONIALES_Y_OTROS_SERVICIOS;1
EMPRESARIAL;1;9794;ADIESTRAMIENTO_Y_CUIDADOS_DE_ANIMALES;22
LOCAL_AFECTO;1;9794;ADIESTRAMIENTO_Y_CUIDADOS_DE_ANIMALES;1
EMPRESARIAL;1;9799;OTROS_SERVICIOS_PERSONALES_NCOP;32
EMPRESARIAL;1;9812;JARDINES_DE_RECREO;19
EMPRESARIAL;1;9813;PARQUES_DE_ATRACCIONES_(TAMB._ACUATICOS);1
EMPRESARIAL;1;9824;OTRAS_ATRACC.;24
EMPRESARIAL;1;983;AGENCIAS_DE_COLOCACION_DE_ARTISTAS;5
EMPRESARIAL;1;9891;EXPEDICION_BILLETES_ESPECTACULOS;1
LOCAL_AFECTO;1;9891;EXPEDICION_BILLETES_ESPECTACULOS;1
EMPRESARIAL;1;9892;SERV._ORGANIZ._CONGRESOS;39
LOCAL_AFECTO;1;9892;SERV._ORGANIZ._CONGRESOS;1
EMPRESARIAL;1;9893;PARQUES_O_RECINTOS_FERIALES;3
EMPRESARIAL;1;999;OTROS_SERVICIOS_N.C.O.P.;133
LOCAL_AFECTO;1;999;OTROS_SERVICIOS_N.C.O.P.;8
PROFESIONAL;2;011;DOCTORES_Y_LICENCIADOS_EN_BIOLOGIA;6
PROFESIONAL;2;012;INGENIEROS_AGRONOMOS_Y_DE_MONTES;5
LOCAL_AFECTO;2;013;VETERINARIOS;1
PROFESIONAL;2;013;VETERINARIOS;37
PROFESIONAL;2;021;TECNICOS_BIOLOGIA;2
PROFESIONAL;2;022;INGENIEROS_TEC._AGRICOLAS_Y_FORESTALES;9
PROFESIONAL;2;023;INGENIEROS_TECNICOS_TOPOGRAFOS;13
PROFESIONAL;2;099;OTROS_PROFESIONALES_AGRICULTURA..._NCOP;3
PROFESIONAL;2;111;DRES.Y_LICENCIADOS_FISICAS_Y_GEOLOGICAS;5
PROFESIONAL;2;112;INGENIEROS_DE_MINAS;8
PROFESIONAL;2;121;DRES._Y_LICENCIADOS_EN_QUIMICAS;4
PROFESIONAL;2;131;INGENIEROS_TEC._MINAS_FACULT._Y_PERITOS;2
PROFESIONAL;2;199;OTROS_PROF._RELAC._ENERGIA;1
PROFESIONAL;2;212;INGENIEROS_NAVALES;2
PROFESIONAL;2;213;INGENIEROS_TELECOMUNICACION;3
LOCAL_AFECTO;2;222;INGENIEROS_TEC._TELECOMUNICACIONES;1
PROFESIONAL;2;222;INGENIEROS_TEC._TELECOMUNICACIONES;9
PROFESIONAL;2;224;DIBUJANTES_TECNICOS;4
PROFESIONAL;2;225;TECNICOS_EN_TELECOMUNICACION;1
PROFESIONAL;2;226;TECNICOS_EN_SONIDO;5
PROFESIONAL;2;228;INGENIEROS_TECN._NAVALES;1
PROFESIONAL;2;299;OTROS_PROF.RELACION_AERONAUTICA;1
PROFESIONAL;2;311;INGENIEROS_INDUSTRIALES_Y_TEXTILES;56
PROFESIONAL;2;321;INGENIEROS_TEC._INDUSTRIALES_Y_TEXTILES;87
PROFESIONAL;2;322;TECNICOS_EN_ARTES_GRAFICAS;13
PROFESIONAL;2;399;OTROS_PROFESIONALES_INDUSTRIAS_MANUFAC.;37
LOCAL_AFECTO;2;411;ARQUITECTOS;3
PROFESIONAL;2;411;ARQUITECTOS;209
PROFESIONAL;2;412;INGENIEROS_CAMINOS;5
PROFESIONAL;2;421;ARQUITECTOS_TECNICOS_Y_APAREJADORES;203
PROFESIONAL;2;422;INGENIEROS_TEC._OBRAS_PUBLICAS;6
PROFESIONAL;2;431;DELINEANTES;23
PROFESIONAL;2;432;DECORADORES-DISEÑADORES_DE_INTERIORES;29
PROFESIONAL;2;441;TECNICOS_SUP._DESARROLLO_URBANISTICO;2
PROFESIONAL;2;499;OTROS_PROFES._RELACIONADOS_CONSTRUCCION;19
LOCAL_AFECTO;2;511;AGENTES_COMERCIALES;9
PROFESIONAL;2;511;AGENTES_COMERCIALES;520
PROFESIONAL;2;599;OTROS_PROF._RELAC._COMERCIO_Y_HOSTELERIA;193
PROFESIONAL;2;612;CONDUCTORES_DE_VEHICULOS_TERRESTRES;4
PROFESIONAL;2;699;OTROS_PROFESIONALES_RELAC._TRANSPORTE;4
PROFESIONAL;2;711;ACTUARIOS_DE_SEGUROS;6
LOCAL_AFECTO;2;712;AGENTES_Y_CORREDORES_DE_SEGUROS;1
PROFESIONAL;2;712;AGENTES_Y_CORREDORES_DE_SEGUROS;243
PROFESIONAL;2;721;AGENTES_COLEGIADOS_PROPIEDAD_IND.E_INMOB;26
PROFESIONAL;2;722;GESTORES_ADMINISTRATIVOS;20
PROFESIONAL;2;723;ADMINISTRADORES_DE_FINCAS;47
PROFESIONAL;2;724;INTERMEDIARIOS_PROMOCION_EDIFICACIONES;21
PROFESIONAL;2;725;HABILITADOS_DE_CLASES_PASIVAS;2
LOCAL_AFECTO;2;726;GRADUADOS_SOCIALES;1
PROFESIONAL;2;726;GRADUADOS_SOCIALES;16
PROFESIONAL;2;727;AGENTES_O_INTERMEDIARIOS_PRESTAMOS;7
PROFESIONAL;2;728;AGENTES_DE_ADUANAS;5
LOCAL_AFECTO;2;731;ABOGADOS;1
PROFESIONAL;2;731;ABOGADOS;849
PROFESIONAL;2;732;PROCURADORES;90
LOCAL_AFECTO;2;733;NOTARIOS;1
PROFESIONAL;2;733;NOTARIOS;16
PROFESIONAL;2;734;REGISTRADORES;4
LOCAL_AFECTO;2;741;ECONOMISTAS;2
PROFESIONAL;2;741;ECONOMISTAS;87
PROFESIONAL;2;742;INTENDENTES_Y_PROFESORES_MERCANTILES;5
PROFESIONAL;2;743;PERITOS_MERCANTILES;4
PROFESIONAL;2;744;DIPLOMADOS_EN_CIENCIAS_EMPRESARIALES;36
PROFESIONAL;2;747;AUDITORES_DE_CUENTAS_Y_CENSORES_JURADOS;10
LOCAL_AFECTO;2;751;PROFESIONALES_PUBLICIDAD;1
PROFESIONAL;2;751;PROFESIONALES_PUBLICIDAD;43
PROFESIONAL;2;761;DOCTORES_Y_LICENCIADOS_EXACTAS_Y_ESTAD.;1
PROFESIONAL;2;762;DOCTORES_Y_LICENCIADOS_INFORMATICA;2
PROFESIONAL;2;763;PROGRAMADORES_Y_ANALISTAS_INFORMATICA;43
PROFESIONAL;2;764;DIPLOMADOS_EN_INFORMATICA;5
PROFESIONAL;2;765;GRABADORES;16
PROFESIONAL;2;771;AGENTES_COBRADORES;10
PROFESIONAL;2;772;ESTENOTIPISTAS;15
PROFESIONAL;2;773;DETECTIVES_PRIVADOS;6
LOCAL_AFECTO;2;774;TRADUCTORES_E_INTERPRETES;2
PROFESIONAL;2;774;TRADUCTORES_E_INTERPRETES;57
PROFESIONAL;2;775;DOCTORES_Y_LICENCIADOS_EN_FILOSOFIA;4
PROFESIONAL;2;776;DRES.LICENC.POLITICAS_SOCIALES_Y_SIMIL.;119
PROFESIONAL;2;777;ESPECIALISTAS_ORIENTACION_Y_ANALISIS_PER;12
PROFESIONAL;2;778;DIPL._EN_BIBLIOTECOMANIA_Y_DOCUMENTACION;1
LOCAL_AFECTO;2;799;OTROS_PROF._ACTIV._FINANC._JURID._SEGUR.;2
PROFESIONAL;2;799;OTROS_PROF._ACTIV._FINANC._JURID._SEGUR.;114
PROFESIONAL;2;811;PROFESIONALES_LIMPIEZA;35
PROFESIONAL;2;821;PERSONAL_DOCENTE_ENSEÑANZA_SUPERIOR;10
PROFESIONAL;2;822;PERSONAL_DOCENTE_ENSEÑANZA_MEDIA;9
PROFESIONAL;2;823;DOCENTES_ENSEÑANZA_GRAL._BASICA;5
LOCAL_AFECTO;2;824;PROFESORES_FORMACION_PROFESIONAL;3
PROFESIONAL;2;824;PROFESORES_FORMACION_PROFESIONAL;81
PROFESIONAL;2;825;PROFESORES_CONDUCCION_VEHICULOS;3
PROFESIONAL;2;826;PERSONAL_DOCENTE_ENSEÑANZAS_DIVERSAS;162
PROFESIONAL;2;831;MEDICOS_MEDICINA_GENERAL;100
PROFESIONAL;2;832;MEDICOS_ESPECIALISTAS;180
PROFESIONAL;2;833;ESTOMATOLOGOS;42
PROFESIONAL;2;834;ODONTOLOGOS;137
PROFESIONAL;2;835;FARMACEUTICOS;10
LOCAL_AFECTO;2;836;AYUD._TECN._SANITARIOS_Y_FISIOTERAPEUTAS;1
PROFESIONAL;2;836;AYUD._TECN._SANITARIOS_Y_FISIOTERAPEUTAS;140
PROFESIONAL;2;837;PROTESICOS_E_HIGIENISTAS_DENTALES;25
PROFESIONAL;2;838;OPTICOS-OPTOMETRISTAS_Y_PODOLOGOS;26
LOCAL_AFECTO;2;839;MASAJISTAS;1
PROFESIONAL;2;839;MASAJISTAS;40
PROFESIONAL;2;841;ACUPUNTORES;52
PROFESIONAL;2;853;AGENTES_COLOCADORES_ARTISTAS;2
PROFESIONAL;2;854;EXPERTOS_ORGANIZACION_CONGRESOS;7
LOCAL_AFECTO;2;861;PINTORES;1
PROFESIONAL;2;861;PINTORES;147
PROFESIONAL;2;862;RESTAURADORES_OBRAS_DE_ARTE;3
PROFESIONAL;2;871;EXPENDEDORES_OFICIALES_LOTERIAS;39
PROFESIONAL;2;872;EXPENDEDORES_OFICIALES_APUESTAS;3
PROFESIONAL;2;873;EXPENDEDORES_NO_OFICIALES_APUESTAS;29
PROFESIONAL;2;881;ASTROLOGOS_Y_SIMILARES;6
PROFESIONAL;2;882;GUIAS_DE_TURISMO;7
PROFESIONAL;2;883;GUIAS_INTERPRETES_DE_TURISMO;1
LOCAL_AFECTO;2;884;PERITOS_TASADORES:SEGUROS;1
PROFESIONAL;2;884;PERITOS_TASADORES:SEGUROS;29
PROFESIONAL;2;885;LIQUIDADORES_Y_COMISARIOS_DE_AVERIAS;2
LOCAL_AFECTO;2;887;MAQUILLADORES_Y_ESTETICISTAS;1
PROFESIONAL;2;887;MAQUILLADORES_Y_ESTETICISTAS;47
PROFESIONAL;2;888;GRAFOLOGOS;12
LOCAL_AFECTO;2;899;OTROS_PROF._RELACIONADOS_CON_SERVICIOS;2
PROFESIONAL;2;899;OTROS_PROF._RELACIONADOS_CON_SERVICIOS;136
ARTISTICAS;3;011;DIRECTORES_DE_CINE_Y_TEATRO;9
ARTISTICAS;3;012;AYUDANTES_DE_DIRECCION;1
ARTISTICAS;3;013;ACTORES_DE_CINE_Y_TEATRO;10
LOCAL_AFECTO;3;013;ACTORES_DE_CINE_Y_TEATRO;2
ARTISTICAS;3;015;OPERADORES_CAMARA:CINE;1
ARTISTICAS;3;016;HUMORISTAS;3
LOCAL_AFECTO;3;016;HUMORISTAS;2
ARTISTICAS;3;018;ARTISTAS_CIRCENSES;1
ARTISTICAS;3;019;ACTIVIDADES_CINE;26
LOCAL_AFECTO;3;019;ACTIVIDADES_CINE;1
ARTISTICAS;3;021;DIRECTORES_COREOGRAFICOS;1
ARTISTICAS;3;022;BAILARINES;1
ARTISTICAS;3;029;OTRAS_ACTIV._DEL_BAILE_NCOP;2
ARTISTICAS;3;031;MAESTROS_Y_DIRECTORES_DE_MUSICA;3
ARTISTICAS;3;032;INTERPRETES_DE_INSTRUMENTOS_MUSICALES;18
ARTISTICAS;3;033;CANTANTES;11
ARTISTICAS;3;039;OTRAS_ACTIV._RELAC._MUSICA_NCOP;41
ARTISTICAS;3;041;JUGADORES_Y_ENTRENADORES_DE_FUTBOL;1
ARTISTICAS;3;042;JUGADORES_Y_ENTREN._DE_TENIS_Y_GOLF;9
ARTISTICAS;3;043;PILOTOS_Y_ENTREN._DE_MOTOCICL._Y_AUTOM.;5
ARTISTICAS;3;045;JUGADORES_Y_ENTREN._DE_BALONCESTO;1
ARTISTICAS;3;047;OTROS_JUGADORES_Y_ENTRENADORES;12
ARTISTICAS;3;048;ARBITROS_DE_ESPECTACULOS_DEPORTIVOS;2
ARTISTICAS;3;049;OTRAS_ACTIV._RELACIONADAS_DEPORTE_NCOP;16
